vgs,id,gm,gds,cgg,vth,gm_id,id_w,gain,ft
0.0,9.10002208e-13,6.52291772e-17,9.24168341e-20,3.0885355e-14,1.0304178,7.168024058244922e-05,9.10002208e-14,705.8148857319492,0.0003361316709876625
0.01,9.10002842e-13,8.84676138e-17,1.25341211e-19,3.0399249e-14,1.0304178,9.721685440626348e-05,9.100028420000001e-14,705.8142576905532,0.0004631712460993617
0.02,9.10003975e-13,1.19984879e-16,1.69995156e-19,2.9934022e-14,1.0304178,0.00013185093944232496,9.10003975e-14,705.813517415755,0.000637942558775862
0.03,9.10005368e-13,1.62730322e-16,2.30557384e-19,2.94884149e-14,1.0304178,0.0001788234748083376,9.100053680000001e-14,705.8126665767511,0.0008782884812583061
0.04,9.10007263e-13,2.20703982e-16,3.12695286e-19,2.90612601e-14,1.0304178,0.00024252991264312577,9.100072630000001e-14,705.8116699591052,0.0012086925885008233
0.05,9.10009838e-13,2.99330882e-16,4.24095247e-19,2.8651475e-14,1.0304178,0.0003289314790902294,9.10009838e-14,705.8105086473653,0.001662741254694805
0.06,9.10013333e-13,4.05968655e-16,5.75181902e-19,2.82580569e-14,1.0304178,0.0004461128648100808,9.100133329999999e-14,705.809159829928,0.0022864954378239042
0.07,9.10018076e-13,5.5059598e-16,7.80093598e-19,2.78800772e-14,1.0304178,0.0006050385091471524,9.10018076e-14,705.8075869506112,0.00314310721720406
0.08,9.10024511e-13,7.46746255e-16,1.05800534e-18,2.75166762e-14,1.0304178,0.0008205781778113007,9.100245110000001e-14,705.8057523603804,0.004319139305008465
0.09,9.1003324e-13,1.01277383e-15,1.43492297e-18,2.7167058e-14,1.0304178,0.0011128976233879104,9.100332400000001e-14,705.8036223366053,0.00593321372077208
0.1,9.10045079e-13,1.37357123e-15,1.94611649e-18,2.68304859e-14,1.0304178,0.001509344165136681,9.10045079e-14,705.80113629272,0.008147845393411778
0.11,9.10061136e-13,1.86289804e-15,2.63942005e-18,2.65062778e-14,1.0304178,0.002047003180674227,9.10061136e-14,705.7982453380241,0.011185630580775222
0.12,9.10082914e-13,2.52653918e-15,3.57970746e-18,2.61938024e-14,1.0304178,0.0027761637331431104,9.10082914e-14,705.7948752046906,0.01535138706751273
0.13,9.10112451e-13,3.42658794e-15,4.85496156e-18,2.58924756e-14,1.0304178,0.0037650160002041327,9.10112451e-14,705.7909517207381,0.021062428213317497
0.14,9.10152511e-13,4.64725431e-15,6.5845055e-18,2.56017566e-14,1.0304178,0.005106017127716302,9.10152511e-14,705.7863813767032,0.028889951060686807
0.15,9.10206841e-13,6.30274152e-15,8.93016528e-18,2.53211454e-14,1.0304178,0.006924515655227864,9.102068410000001e-14,705.781060303063,0.03961560395836304
0.16,9.10280525e-13,8.54792706e-15,1.21114076e-17,2.50501797e-14,1.0304178,0.009390431658416508,9.10280525e-14,705.77486468212,0.05430878584826967
0.17,9.10380457e-13,1.15928465e-14,1.64258684e-17,2.47884323e-14,1.0304178,0.012734067840386427,9.10380457e-14,705.7676475722891,0.07443225140867735
0.18,9.10515986e-13,1.57223331e-14,2.22771906e-17,2.4535509e-14,1.0304178,0.017267498145826076,9.10515986e-14,705.7592396771971,0.10198635087628803
0.19,9.10699791e-13,2.13226484e-14,3.02127734e-17,2.42910465e-14,1.0304178,0.0234134767688774,9.106997909999999e-14,705.7494562879157,0.1397059979556868
0.2,9.10949067e-13,2.89175892e-14,4.09749607e-17,2.40547106e-14,1.0304178,0.03174446327195152,9.10949067e-14,705.7380582185648,0.19132956284582397
0.21,9.11287131e-13,3.92174438e-14,5.55704498e-17,2.38261946e-14,1.0304178,0.04303522179333837,9.112871310000001e-14,705.7247861254491,0.26196588003182864
0.22,9.11745605e-13,5.31853629e-14,7.53644035e-17,2.36052177e-14,1.0304178,0.0583335555535801,9.11745605e-14,705.7093326559667,0.35859501544318745
0.23,9.12367368e-13,7.21273372e-14,1.02208053e-16,2.33915242e-14,1.0304178,0.07905514788205359,9.12367368e-14,705.6913333433716,0.49075135717047236
0.24,9.13210565e-13,9.78141683e-14,1.38611696e-16,2.31848819e-14,1.0304178,0.10711020223468397,9.132105649999999e-14,705.6703808024973,0.6714551515299103
0.25,9.14354043e-13,1.32646794e-13,1.87979239e-16,2.29850816e-14,1.0304178,0.1450715890802924,9.14354043e-14,705.6459782774203,0.9184824016631885
0.26,9.1590471e-13,1.79880357e-13,2.54926133e-16,2.27919362e-14,1.0304178,0.19639636638619318,9.159047099999999e-14,705.6175641278801,1.2560954773857615
0.27,9.18007524e-13,2.43927859e-13,3.45710351e-16,2.26052798e-14,1.0304178,0.26571444418793233,9.18007524e-14,705.5844821956169,1.7174007515568497
0.28,9.20859021e-13,3.30771598e-13,4.68816513e-16,2.24249678e-14,1.0304178,0.3591989549505646,9.208590209999999e-14,705.5459627122818,2.3475589943146
0.29,9.24725657e-13,4.48520588e-13,6.35747526e-16,2.22508758e-14,1.0304178,0.48503097605736706,9.24725657e-14,705.5011142898259,3.2081554587025938
0.3,9.29968657e-13,6.08165587e-13,8.62097293e-16,2.20829e-14,1.0304178,0.6539635313752301,9.299686569999999e-14,705.4488999538014,4.383145301995396
0.31,9.37077691e-13,8.24601602e-13,1.16900411e-15,2.19209564e-14,1.0304178,0.8799714366479352,9.37077691e-14,705.3881119374337,5.9869386465179835
0.32,9.46716484e-13,1.11801227e-12,1.58511948e-15,2.17649812e-14,1.0304178,1.1809367312125518,9.46716484e-14,705.3173493268786,8.175388601203604
0.33,9.59784606e-13,1.51574366e-12,2.14927465e-15,2.16149307e-14,1.0304178,1.5792539810749995,9.59784606e-14,705.2349777633119,11.160715678315876
0.34,9.7750113e-13,2.05483967e-12,2.91409124e-15,2.14707812e-14,1.0304178,2.102135339731014,9.775011299999999e-14,705.1390985273337,15.23176486665604
0.35,1.0015179e-12,2.78547131e-12,3.95086896e-15,2.13325294e-14,1.0304178,2.7812496511545124,1.0015179e-13,705.0275112136344,20.781479753974093
0.36,1.03407282e-12,3.77557293e-12,5.35620016e-15,2.12001926e-14,1.0304178,3.651167361695088,1.0340728200000001e-13,704.8976545342547,28.344133761004155
0.37,1.07819723e-12,5.11710682e-12,7.26091782e-15,2.1073809e-14,1.0304178,4.745984016300987,1.0781972300000001e-13,704.7465550298709,38.645735316868894
0.38,1.1379964e-12,6.93452311e-12,9.84219539e-15,2.09534384e-14,1.0304178,6.093624821660244,1.1379964e-13,704.5707624383995,52.6721967952278
0.39,1.21902863e-12,9.39617595e-12,1.33399004e-14,2.0839162e-14,1.0304178,7.707920649903031,1.2190286299999999e-13,704.3662747287079,71.7614196100441
0.4,1.32881741e-12,1.27297164e-11,1.8078685e-14,2.07310839e-14,1.0304178,9.579733305872324,1.32881741e-13,704.128447395372,97.72751386231025
0.41,1.47754299e-12,1.72428276e-11,2.44978056e-14,2.06293309e-14,1.0304178,11.66993293372804,1.47754299e-13,703.851923782104,133.02812673489873
0.42,1.67897526e-12,2.33511236e-11,3.31913465e-14,2.05340535e-14,1.0304178,13.907961693253302,1.67897526e-13,703.5304699072693,180.9894353148449
0.43,1.95173134e-12,3.16156403e-11,4.49624259e-14,2.04454268e-14,1.0304178,16.198766526954472,1.9517313400000002e-13,703.1569063981487,246.10811415100088
0.44,2.32096906e-12,4.27931371e-11,6.08961722e-14,2.0363651e-14,1.0304178,18.43761635495477,2.32096906e-13,702.722938963313,334.45570737163854
0.45,2.82066468e-12,5.79034684e-11,8.24578492e-14,2.02889524e-14,1.0304178,20.52830625723296,2.82066468e-13,702.2189999105627,454.21878056283276
0.46,3.49667248e-12,7.83196323e-11,1.11624612e-13,2.02215843e-14,1.0304178,22.398332342524686,3.49667248e-13,701.6340831715501,616.418399110532
0.47,4.41082783e-12,1.05887838e-10,1.5106213e-13,2.01618277e-14,1.0304178,24.006341231414602,4.41082783e-13,700.9555472307984,835.8653333305608
0.48,5.64644001e-12,1.43087157e-10,2.04360911e-13,2.01099926e-14,1.0304178,25.341127639112205,5.64644001e-13,700.1689134180851,1132.4235061884654
0.49,7.31562936e-12,1.93241105e-10,2.76351805e-13,2.00664186e-14,1.0304178,26.41482987869686,7.315629360000001e-13,699.2576183824817,1532.673950561859
0.5,9.56910442e-12,2.60797002e-10,3.73526146e-13,2.00314759e-14,1.0304178,27.2540658512325,9.56910442e-13,698.2028026493224,2072.0955469809846
0.51,1.26091532e-11,3.51693179e-10,5.04593574e-13,2.00055665e-14,1.0304178,27.891895151214438,1.26091532e-12,696.9830713698308,2797.906667104516
0.52,1.67068481e-11,4.73839183e-10,6.81220141e-13,1.99891246e-14,1.0304178,28.36197349516813,1.67068481e-12,695.5742416899561,3772.743915212535
0.53,2.22247446e-11,6.37739992e-10,9.1900106e-13,1.9982618e-14,1.0304178,28.69504255180507,2.22247446e-12,693.9491364678078,5079.388102909528
0.54,2.96466957e-11,8.57301793e-10,1.23873687e-12,1.99865481e-14,1.0304178,28.91727974257853,2.9646695699999996e-12,692.0774005862924,6826.78256369317
0.55,3.96168138e-11,1.15086367e-09,1.6680988e-12,2.00014508e-14,1.0304178,29.049879574111536,3.9616813799999996e-12,689.9253629341379,9157.617801673656
0.56,5.29900892e-11,1.5425061e-09,2.24378874e-12,2.0027897e-14,1.0304178,29.109332014485457,5.29900892e-12,687.456030285632,12257.775769687723
0.57,7.08977059e-11,2.0636916e-09,3.01432117e-12,2.00664867e-14,1.0304178,29.10801659662728,7.08977059e-12,684.628970707856,16367.923496903044
0.58,9.48306759e-11,2.75529794e-09,4.04357726e-12,2.01178638e-14,1.0304178,29.054922511630018,9.48306759e-12,681.4010869177755,21797.507488937095
0.59,1.26745995e-10,3.67009686e-09,5.41530446e-12,2.01827048e-14,1.0304178,28.95631424093519,1.2674599499999999e-11,677.7267810349485,28941.31696833042
0.6,1.6920001e-10,4.87572461e-09,7.23875231e-12,2.02617174e-14,1.0304178,28.816337599507236,1.6920001e-11,673.5587019968086,38298.61297129253
0.61,2.2551407e-10,6.45817036e-09,9.65564814e-12,2.03556412e-14,1.0304178,28.637549577283583,2.2551407e-11,668.8489748550428,50494.588994993945
0.62,2.99977638e-10,8.52577458e-09,1.2848715e-11,2.04652451e-14,1.0304178,28.421367128705775,2.9997763799999995e-11,663.5507581886593,66303.58744612483
0.63,3.98093739e-10,1.12136851e-08,1.70519158e-11,2.05913253e-14,1.0304178,28.168453812331872,3.98093739e-11,657.6202481600337,86673.07169106472
0.64,5.2687083e-10,1.46886627e-08,2.25625676e-11,2.07347013e-14,1.0304178,27.879058516107257,5.2687083000000004e-11,651.0191109632399,112746.89913736764
0.65,6.95163805e-10,1.91540703e-08,2.97554016e-11,2.0896212e-14,1.0304178,27.553319321623775,6.95163805e-11,643.7174183527069,145886.00884096426
0.66,9.14064928e-10,2.48548295e-08,3.9098559e-11,2.10767102e-14,1.0304178,27.191536113723423,9.14064928e-11,635.6968168571123,187684.36521138207
0.67,1.1973432e-09,3.20821148e-08,5.11714066e-11,2.12770568e-14,1.0304178,26.79441850924614,1.1973432e-10,626.953936419641,239978.07606838056
0.68,1.5619285e-09,4.11775906e-08,6.66839609e-11,2.1498113e-14,1.0304178,26.36330062483654,1.5619284999999998e-10,617.5036702116474,304846.15503715904
0.69,2.02843546e-09,5.25371195e-08,8.64976472e-11,2.17407324e-14,1.0304178,25.900316049493632,2.02843546e-10,607.3820641447459,384602.6026351626
0.7,2.62172225e-09,6.66140829e-08,1.11647126e-10,2.20057513e-14,1.0304178,25.40852025800979,2.6217222499999997e-10,596.648434102997,481781.3501813183
0.71,3.3714823e-09,8.39227626e-08,1.43363041e-10,2.22939778e-14,1.0304178,24.891948149928,3.3714823e-10,585.3863172447632,599117.960264482
0.72,4.31287346e-09,1.05042598e-07,1.83095783e-10,2.26061803e-14,1.0304178,24.355594703675816,4.31287346e-10,573.702989107073,739534.4319586285
0.73,5.48719883e-09,1.30624497e-07,2.3254077e-10,2.29430738e-14,1.0304178,23.805315070020892,5.48719883e-10,561.7272919497084,906135.5321291976
0.74,6.94266706e-09,1.61400678e-07,2.93666234e-10,2.33053069e-14,1.0304178,23.247647713067778,6.94266706e-10,549.6058426655889,1102226.0222663416
0.75,8.73527535e-09,1.98199648e-07,3.68745066e-10,2.36934459e-14,1.0304178,22.68957074146495,8.73527535e-10,537.4977627497259,1331357.7869343897
0.76,1.09298748e-08,2.41967928e-07,4.60392833e-10,2.410796e-14,1.0304178,22.138215892463833,1.0929874800000001e-09,525.5684073605029,1597413.9583317637
0.77,1.36014923e-08,2.93799923e-07,5.71614523e-10,2.45492049e-14,1.0304178,21.600565329144064,1.36014923e-09,513.982607471294,1904734.1946894673
0.78,1.68369978e-08,3.5497714e-07,7.05862894e-10,2.50174071e-14,1.0304178,21.08316127474935,1.68369978e-09,502.8981449760129,2258282.2548234332
0.79,2.07372134e-08,4.27017694e-07,8.67111506e-10,2.55126481e-14,1.0304178,20.59185512360113,2.07372134e-09,492.4599558940693,2663854.278137532
0.8,2.54195735e-08,5.11737073e-07,1.05994556e-09,2.6034849e-14,1.0304178,20.131615229500213,2.54195735e-09,482.79561923916174,3128325.604320889
0.81,3.10214534e-08,6.11321226e-07,1.28967374e-09,2.65837574e-14,1.0304178,19.70640182835534,3.10214534e-09,474.01230795007115,3659933.9014016762
0.82,3.77042963e-08,7.28413478e-07,1.56246442e-09,2.71589349e-14,1.0304178,19.31911080382635,3.77042963e-09,466.19524174508877,4268599.1208903985
0.83,4.5658686e-08,8.66217237e-07,1.88550959e-09,2.7759747e-14,1.0304178,18.971576120258916,4.5658686e-09,459.4074947134053,4966282.836077498
0.84,5.51105365e-08,1.02861698e-06,2.26722062e-09,2.83853565e-14,1.0304178,18.66461561302347,5.51105365e-09,453.69073081207245,5767391.961952538
0.85,6.63285947e-08,1.22032033e-06,2.71745993e-09,2.9034719e-14,1.0304178,18.398103193945705,6.63285947e-09,449.0665406058076,6689233.419997382
0.86,7.96334796e-08,1.44702388e-06,3.24781352e-09,2.97065826e-14,1.0304178,18.171049253007904,7.963347959999999e-09,445.53785834354187,7752524.293185229
0.87,9.54085088e-08,1.71560492e-06,3.87190938e-09,3.03994916e-14,1.0304178,17.9816762842016,9.54085088e-09,443.0901531068374,8981959.534177726
0.88,1.14112574e-07,2.03433933e-06,4.60578698e-09,3.11117938e-14,1.0304178,17.82747736458911,1.14112574e-08,441.6920145968192,10406830.360766742
0.89,1.36295317e-07,2.41314345e-06,5.4683223e-09,3.18416522e-14,1.0304178,17.705255786594634,1.36295317e-08,441.2950293730858,12061676.512418222
0.9,1.62614821e-07,2.86383326e-06,6.48171151e-09,3.25870612e-14,1.0304178,17.61114541951868,1.62614821e-08,441.83287941490005,13986938.457647022
0.91,1.93857931e-07,3.40038845e-06,7.67201352e-09,3.33458659e-14,1.0304178,17.54062076521388,1.93857931e-08,443.21981982117256,16229556.967362728
0.92,2.30963156e-07,4.039201e-06,9.06974764e-09,3.41157855e-14,1.0304178,17.488507993889723,2.3096315600000002e-08,445.3487748860893,18843441.41194482
0.93,2.75045864e-07,4.79927892e-06,1.07105359e-08,3.48944396e-14,1.0304178,17.449013230753398,2.75045864e-08,448.08952276608306,21889704.266657226
0.94,3.27425127e-07,5.70236595e-06,1.26357722e-08,3.56793764e-14,1.0304178,17.415786021822328,3.27425127e-08,451.2874923465303,25436535.607763924
0.95,3.89651152e-07,6.77292902e-06,1.48932891e-08,3.64681033e-14,1.0304178,17.382032582826806,3.89651152e-08,454.7638184234267,29558574.074334886
0.96,4.63531699e-07,8.03796046e-06,1.75379849e-08,3.72581171e-14,1.0304178,17.34069207637944,4.63531699e-08,458.3172186446573,34335635.80662547
0.97,5.51155374e-07,9.52654265e-06,2.06323588e-08,3.80469355e-14,1.0304178,17.28467706095523,5.5115537400000003e-08,461.7282368121671,39850682.67385855
0.98,6.54909206e-07,1.12691345e-05,2.42468984e-08,3.8832127e-14,1.0304178,17.207170699017475,6.54909206e-08,464.7660213728614,46186974.51320177
0.99,7.77487618e-07,1.32965626e-05,2.84602558e-08,3.96113389e-14,1.0304178,17.10196058710738,7.774876180000001e-08,467.19757873715247,53424441.65452897
1.0,9.21889873e-07,1.56387348e-05,3.33591547e-08,4.03823238e-14,1.0304178,16.963777624662114,9.21889873e-08,468.7988931566062,61635431.36968366
1.01,1.09140354e-06,1.83231403e-05,3.90379829e-08,4.11429627e-14,1.0304178,16.788602591485088,1.09140354e-07,469.3669841225326,70880125.30782849
1.02,1.28957231e-06,2.1373247e-05,4.5598046e-08,4.18912846e-14,1.0304178,16.573903482775616,1.28957231e-07,468.7316425795965,81202043.39529905
1.03,1.52014789e-06,2.48069444e-05,5.31464893e-08,4.26254832e-14,1.0304178,16.31877040595044,1.52014789e-07,466.765438822692,92624118.90420076
1.04,1.78702728e-06,2.86352035e-05,6.17949288e-08,4.33439289e-14,1.0304178,16.023931934603706,1.78702728e-07,463.39083248527027,105145848.54506215
1.05,2.09417839e-06,3.28611132e-05,7.16578659e-08,4.40451775e-14,1.0304178,15.69164945876459,2.09417839e-07,458.58347562092274,118741912.2395938
1.06,2.44555847e-06,3.74794216e-05,8.28509872e-08,4.47279747e-14,1.0304178,15.325506243160893,2.44555847e-07,452.37145466384976,133362515.33573581
1.07,2.84503071e-06,4.24766419e-05,9.54894632e-08,4.5391258e-14,1.0304178,14.930117186678805,2.84503071e-07,444.8306700712503,148935451.93943113
1.08,3.29628487e-06,4.78317154e-05,1.09686363e-07,4.6034154e-14,1.0304178,14.51079542163478,3.29628487e-07,436.07713932496785,165369693.60780987
1.09,3.80276678e-06,5.35171489e-05,1.25551284e-07,4.66559737e-14,1.0304178,14.073213530070861,3.80276678e-07,426.25728065035156,182560090.6410831
1.1,4.36762124e-06,5.95004914e-05,1.4318927e-07,4.72562053e-14,1.0304178,13.623088663246815,4.3676212400000003e-07,415.5373611444489,200392673.56718564
1.11,4.99365062e-06,6.57459859e-05,1.62700062e-07,4.78345045e-14,1.0304178,13.165916261077951,4.99365062e-07,404.09318282865803,218750016.41200346
1.12,5.68329015e-06,7.22162356e-05,1.8417769e-07,4.83906833e-14,1.0304178,12.706765569588242,5.68329015e-07,392.1008869206688,237516192.8583246
1.13,6.43859939e-06,7.88737421e-05,2.07710387e-07,4.89246981e-14,1.0304178,12.250139715556987,6.43859939e-07,379.7294070806387,256580958.5521046
1.14,7.26126797e-06,8.56822168e-05,2.33380781e-07,4.94366365e-14,1.0304178,11.79989736696083,7.26126797e-07,367.13484474970545,275842963.9280059
1.15,8.15263311e-06,9.26076065e-05,2.61266319e-07,4.99267033e-14,1.0304178,11.35922655300258,8.152633110000001e-07,354.45673538960835,295211928.05021715
1.16,9.11370579e-06,9.96188169e-05,2.91439858e-07,5.03952078e-14,1.0304178,10.930659733311403,9.113705790000001e-07,341.81603567759083,314609817.6144725
1.17,1.01452028e-05,0.000106688149,3.23970372e-07,5.08425495e-14,1.0304178,10.516117923241515,1.01452028e-06,329.31452447756556,333971180.6284351
1.18,1.12475817e-05,0.000113791486,3.58923708e-07,5.12692055e-14,1.0304178,10.116973500179155,1.12475817e-06,317.0353015521616,353242795.5933939
1.19,1.2421077e-05,0.000120908278,3.96363382e-07,5.1675718e-14,1.0304178,9.734121928396386,1.2421077000000001e-06,305.0440164021004,372382829.8704831
1.2,1.36657346e-05,0.000128021378,4.36351343e-07,5.20626824e-14,1.0304178,9.368056803913053,1.36657346e-06,293.390590068609,391359687.8007965
1.21,1.49814452e-05,0.000135116771,4.78948715e-07,5.24307366e-14,1.0304178,9.018941043151164,1.49814452e-06,282.11114628421126,410150674.84796035
1.22,1.63679734e-05,0.000142183256,5.24216481e-07,5.2780551e-14,1.0304178,8.686674429712845,1.6367973399999998e-06,271.2300378820024,428740655.19513786
1.23,1.78249846e-05,0.000149212081,5.7221612e-07,5.31128193e-14,1.0304178,8.370951467750498,1.7824984599999998e-06,260.7617572884874,447120687.11777604
1.24,1.93520672e-05,0.0001561966,6.23010173e-07,5.34282503e-14,1.0304178,8.071313435703654,1.93520672e-06,250.71276003064563,465286825.6879365
1.25,2.09487524e-05,0.000163131923,6.76662765e-07,5.37275608e-14,1.0304178,7.787190372253385,2.09487524e-06,241.08304969315105,483238984.5164245
1.26,2.26145301e-05,0.000170014613,7.33240064e-07,5.40114696e-14,1.0304178,7.517937018731157,2.26145301e-06,231.86759882231422,500980000.3072979
1.27,2.43488616e-05,0.000176842401,7.928107e-07,5.42806912e-14,1.0304178,7.262861151586652,2.43488616e-06,223.05753567654926,518514809.6896219
1.28,2.61511905e-05,0.000183613946,8.55446143e-07,5.4535932e-14,1.0304178,7.021246164682254,2.61511905e-06,214.6411524588521,535849779.30712444
1.29,2.80209509e-05,0.000190328624,9.21221053e-07,5.47778859e-14,1.0304178,6.7923684916774185,2.80209509e-06,206.60472682445305,552992157.7619473
1.3,2.99575731e-05,0.000196986357,9.90213597e-07,5.5007231e-14,1.0304178,6.575511185183422,2.99575731e-06,198.93319744022867,569949656.9499159
1.31,3.19604892e-05,0.000203587463,1.06250576e-06,5.52246273e-14,1.0304178,6.369973304413626,3.19604892e-06,191.6106911269827,586730099.8152385
1.32,3.40291356e-05,0.000210132541,1.13818363e-06,5.54307143e-14,1.0304178,6.175077247627765,3.40291356e-06,184.620948203235,603341180.5521396
1.33,3.61629559e-05,0.000216622379,1.2173377e-06,5.56261096e-14,1.0304178,5.990173469199181,3.61629559e-06,177.94764673763083,619790286.4336928
1.34,3.83614021e-05,0.000223057872,1.30006316e-06,5.58114075e-14,1.0304178,5.8146433599724965,3.8361402099999995e-06,171.57464257351927,636084351.1133324
1.35,4.06239354e-05,0.000229439972,1.38646018e-06,5.59871786e-14,1.0304178,5.647901163214237,4.06239354e-06,165.48616059063448,652229789.030056
1.36,4.29500267e-05,0.000235769636,1.47663422e-06,5.61539687e-14,1.0304178,5.489394398909652,4.29500267e-06,159.666918730896,668232430.7449507
1.37,4.53391564e-05,0.000242047801,1.57069639e-06,5.63122995e-14,1.0304178,5.338603984259398,4.53391564e-06,154.10222022602343,684097512.1904479
1.38,4.7790814e-05,0.000248275352,1.66876372e-06,5.64626678e-14,1.0304178,5.195043382186376,4.7790814e-06,148.7780139419618,699829658.3974073
1.39,5.03044975e-05,0.000254453111,1.77095962e-06,5.66055462e-14,1.0304178,5.05825768361964,5.03044975e-06,143.68092198511,715432905.7734759
1.4,5.28797128e-05,0.000260581826,1.87741422e-06,5.67413837e-14,1.0304178,4.9278222630588875,5.28797128e-06,138.79825944857285,730910721.3015
1.41,5.55159728e-05,0.000266662158,1.9882648e-06,5.68706056e-14,1.0304178,4.803341174632178,5.55159728e-06,134.1180299525496,746266021.4972637
1.42,5.82127966e-05,0.000272694688,2.1036563e-06,5.69936147e-14,1.0304178,4.684445756382026,5.82127966e-06,129.62891704315004,761501227.4366615
1.43,6.09697088e-05,0.000278679905,2.2237418e-06,5.71107919e-14,1.0304178,4.57079278357977,6.0969708800000005e-06,125.32026200164066,776618270.3050525
1.44,6.37862384e-05,0.000284618218,2.34868307e-06,5.7222497e-14,1.0304178,4.462063058416687,6.37862384e-06,121.18204522162286,791618658.1076086
1.45,6.66619179e-05,0.000290509951,2.47865123e-06,5.73290693e-14,1.0304178,4.357959689005587,6.666191790000001e-06,117.20485217276817,806503494.3630998
1.46,6.95962829e-05,0.000296355348,2.61382737e-06,5.74308289e-14,1.0304178,4.258206554304353,6.95962829e-06,113.37984726971469,821273511.9676958
1.47,7.2588871e-05,0.00030215458,2.75440332e-06,5.75280772e-14,1.0304178,4.162546900612354,7.2588871e-06,109.69874230328767,835929120.6217394
1.48,7.5639221e-05,0.000307907744,2.90058247e-06,5.76210982e-14,1.0304178,4.070741870808003,7.5639221e-06,106.15376297161447,850470418.0364594
1.49,7.87468724e-05,0.00031361487,3.05258062e-06,5.77101588e-14,1.0304178,3.9825692175680616,7.87468724e-06,102.7376207348129,864897235.1748607
1.5,8.19113648e-05,0.000319275928,3.21062703e-06,5.77955104e-14,1.0304178,3.8978221005053983,8.19113648e-06,99.44348098259174,879209160.0155169
1.51,8.51322371e-05,0.000324890825,3.37496544e-06,5.78773891e-14,1.0304178,3.816307853138749,8.51322371e-06,96.2649339010713,893405552.1166198
1.52,8.8409027e-05,0.000330459414,3.54585536e-06,5.79560169e-14,1.0304178,3.737846973477041,8.8409027e-06,93.19596555681278,907485573.4150889
1.53,9.17412704e-05,0.000335981494,3.7235733e-06,5.80316027e-14,1.0304178,3.6622720890509926,9.17412704e-06,90.23093328121135,921448194.9418912
1.54,9.5128501e-05,0.000341456817,3.90841433e-06,5.81043426e-14,1.0304178,3.5894270740164402,9.5128501e-06,87.3645392145515,935292231.9781091
1.55,9.85702499e-05,0.000346885083,4.10069368e-06,5.81744209e-14,1.0304178,3.519166110991061,9.85702499e-06,84.59180569664008,949016333.8143756
1.56,0.000102066045,0.000352265949,4.30074855e-06,5.82420111e-14,1.0304178,3.451352984236824,1.02066045e-05,81.90805505241639,962619010.0140191
1.57,0.00010561541,0.000357599029,4.50894018e-06,5.83072763e-14,1.0304178,3.385860349356216,1.0561541e-05,79.30888739357816,976098640.2002804
1.58,0.000109217865,0.00036288389,4.72565604e-06,5.83703697e-14,1.0304178,3.3225689771540585,1.0921786499999999e-05,76.79016139312586,989453470.2924043
1.59,0.000112872925,0.000368120059,4.95131237e-06,5.84314358e-14,1.0304178,3.2613672322215446,1.12872925e-05,74.34797716064922,1002681625.7205536
1.6,0.000116580102,0.000373307017,5.18635701e-06,5.84906105e-14,1.0304178,3.202150372110671,1.16580102e-05,71.97865790577345,1015781106.3784368
1.61,0.0001203389,0.000378444205,5.43127248e-06,5.85480221e-14,1.0304178,3.1448202119181747,1.203389e-05,69.67873668529332,1028749798.0266113
1.62,0.000124148818,0.000383531014,5.68657956e-06,5.86037915e-14,1.0304178,3.0892844585922683,1.24148818e-05,67.44493943209686,1041585452.8311008
1.63,0.00012800935,0.000388566793,5.95284113e-06,5.86580329e-14,1.0304178,3.0354563397126846,1.2800935e-05,65.27417488798328,1054285709.388582
1.64,0.000131919981,0.000393550837,6.23066668e-06,5.87108543e-14,1.0304178,2.9832541971030153,1.31919981e-05,63.16351960589874,1066848060.9471014
1.65,0.000135880191,0.000398482391,6.52071718e-06,5.8762358e-14,1.0304178,2.9326010514659933,1.35880191e-05,61.11020919941201,1079269866.3101196
1.66,0.000139889451,0.000403360645,6.82371072e-06,5.8812641e-14,1.0304178,2.8834243191075215,1.3988945099999999e-05,59.11162731705015,1091548337.3801425
1.67,0.000143947224,0.000408184725,7.14042869e-06,5.88617954e-14,1.0304178,2.8356554135423964,1.4394722400000001e-05,57.165296751951736,1103680515.2966154
1.68,0.000148052962,0.000412953692,7.47172291e-06,5.8909909e-14,1.0304178,2.789229519096011,1.4805296200000001e-05,55.26887131310922,1115663263.880582
1.69,0.000152206111,0.000417666537,7.81852349e-06,5.89570653e-14,1.0304178,2.7440852029916196,1.52206111e-05,53.42012945720523,1127493262.9257581
1.7,0.000156406102,0.000422322168,8.18184784e-06,5.90033443e-14,1.0304178,2.700164268527068,1.5640610199999998e-05,51.616966760897384,1139166964.379778
1.71,0.000160652359,0.000426919406,8.56281066e-06,5.90488228e-14,1.0304178,2.6574113735858678,1.60652359e-05,49.857391801770845,1150680581.6754704
1.72,0.000164944292,0.000431456977,8.9626353e-06,5.90935744e-14,1.0304178,2.6157739183845172,1.6494429200000002e-05,48.13952175427689,1162030073.7982807
1.73,0.000169281295,0.000435933497,9.38266651e-06,5.913767e-14,1.0304178,2.575201808327376,1.6928129500000002e-05,46.46157854330474,1173211100.5875938
1.74,0.000173662753,0.000440347462,9.82438473e-06,5.91811784e-14,1.0304178,2.5356471344203557,1.73662753e-05,44.82188697836144,1184218989.04383
1.75,0.000178088031,0.000444697236,1.02894222e-05,5.92241661e-14,1.0304178,2.497064140149879,1.78088031e-05,43.21887345627629,1195048709.8323727
1.76,0.000182556478,0.000448981033,1.07795807e-05,5.9266698e-14,1.0304178,2.4594089342586902,1.82556478e-05,41.65106653916511,1205694819.6515925
1.77,0.000187067425,0.000453196903,1.12968522e-05,5.93088372e-14,1.0304178,2.4226393397995403,1.87067425e-05,40.11709589331442,1216151432.2588713
1.78,0.000191620182,0.000457342709,1.18434402e-05,5.9350646e-14,1.0304178,2.3867147198513776,1.91620182e-05,38.615697911828015,1226412140.8954544
1.79,0.000196214038,0.000461416113,1.24217854e-05,5.93921854e-14,1.0304178,2.3515958272057986,1.9621403800000003e-05,37.1457160256528,1236469995.3640456
1.8,0.000200848255,0.000465414547,1.30345921e-05,5.94335158e-14,1.0304178,2.3172446631413353,2.00848255e-05,35.70610751985097,1246317414.4230123
